"CHROMOSOME ABNORMALITY, 22q11 DELETION",Syndromic,,,,
CHARGE SYNDROME,Syndromic,,,,
ELLIS VAN CREVELD SYNDROME,Syndromic,,,,
HOLT-ORAM SYNDROME,Syndromic,,,,
LOEYS DIETZ SYNDROME,Syndromic,,,,
KABUKI SYNDROME,Syndromic,,,,
NOONANS SYNDROME,Syndromic,,,,
"SHONES SYNDROME COMBINATION COARC,VSD,ABN MIT + AO VAL",Syndromic,,,,
CARDIOMYOPATHY,Cardiomyopathy,,,,
CARDIOMYOPATHY DILATED,Cardiomyopathy,,,,
CARDIOMYOPATHY RESTRICTIVE,Cardiomyopathy,,,,
"CARDIOMYOPATHY, LEFT VENTRICULAR NONCOMPACTION",Cardiomyopathy,,,,
ENDOCARDIAL FIBROELASTOSIS,Cardiomyopathy,,,,
EXCESSIVE MYOCARDIAL TRABECULATION OR NONCOMPACTION,Cardiomyopathy,,,,
"HYPERTROPHIC CARDIO MYOPATHY, NON-OBSTRUCTIVE",Cardiomyopathy,,,,
"HYPERTROPHIC CARDIO MYOPATHY, OBSTRUCTIVE",Cardiomyopathy,,,,
HYPERTROPHIC CARDIOMYOPATHY,Cardiomyopathy,,,,
ASYMMETRIC SEPTAL HYPERTROPHY,Cardiomyopathy,,,,
CONCENTRIC LEFT VENTRICULAR HYPERTROPHY (ELEVATED MASS/VOLUME),Cardiomyopathy,,,,
DILATED (ENLARGED) LEFT VENTRICLE,Cardiomyopathy,,,,
DILATED (ENLARGED) RIGHT VENTRICLE,Cardiomyopathy,,,,
DILATED LEFT ATRIUM,Cardiomyopathy,,,,
DILATED RIGHT ATRIUM,Cardiomyopathy,,,,
GIANT LEFT ATRIUM,Cardiomyopathy,,,,
LEFT ATRIAL ABNORMALITY,Cardiomyopathy,,,,
LEFT ATRIAL HYPOPLASIA,Cardiomyopathy,,,,
LEFT VENTRICULAR DYSFUNCTION,Cardiomyopathy,,,,
LEFT VENTRICULAR STRUCTURAL ABNORMALITY,Cardiomyopathy,,,,
MYOCARDIAL ABNORMALITY,Cardiomyopathy,,,,
RIGHT ATRIAL ABNORMALITY,Cardiomyopathy,,,,
RIGHT VENTRICULAR DYSFUNCTION,Cardiomyopathy,,,,
RIGHT VENTRICULAR HYPERTROPHY,Cardiomyopathy,,,,
RIGHT VENTRICULAR STRUCTURAL ABNORMALITY,Cardiomyopathy,,,,
RIGHT VENTRICULAR VOLUME OVERLOAD,Cardiomyopathy,,,,
HLHS,Single Ventricle Defect,,,,
HYPOPLASTIC LEFT HEART SYNDROME,Single Ventricle Defect,,,,
"HYPOPLASTIC LEFT HEART SYNDROME (HYPOPLASTIC MITRAL VALVE,AORTIC STENOSIS)",Single Ventricle Defect,,,,
"HYPOPLASTIC LEFT HEART SYNDROME (HYPOPLASTIC MITRAL VALVE,AORTIC STENOSIS) W/ VENTRICULAR SEPTAL DEFECT",Single Ventricle Defect,,,,
"HYPOPLASTIC LEFT HEART SYNDROME (MITRAL ATRESIA,AORTIC STENOSIS)",Single Ventricle Defect,,,,
"HYPOPLASTIC LEFT HEART SYNDROME (MITRAL ATRESIA,AORTIC STENOSIS) W/ VENTRICULAR SEPTAL DEFECT",Single Ventricle Defect,,,,
HYPOPLASTIC LEFT HEART SYNDROME MITRAL STENOSIS,Single Ventricle Defect,,,,
HYPOPLASTIC LEFT HEART SYNDROME W/VENTRICULAR SEPTAL DEFECT,Single Ventricle Defect,,,,
HYPOPLASTIC RIGHT VENTRICLE (SUBNORMAL CAVITY VOLUME),Single Ventricle Defect,,,,
HYPOPLASTIC AORTIC VALVE AND MITRAL VALVE,Single Ventricle Defect,,,,
HYPOPLASTIC AORTIC VALVE MITRAL VALVE,Single Ventricle Defect,,,,
HYPOPLASTIC AORTIC VALVE MITRAL VALVE W/ VENTRICULAR SEPTAL DEFECT,Single Ventricle Defect,,,,
HYPOPLASTIC LEFT VENTRICLE,Single Ventricle Defect,,,,
HYPOPLASTIC LEFT VENTRICLE (SUBNORMAL CAVITY VOLUME),Single Ventricle Defect,,,,
"UNIVENTRICULAR, ABSENT RIGHT ATRIOVENTRICULAR CONNECTION",Single Ventricle Defect,,,,
"UNIVENTRICULAR, DOUBLE INLET ATRIOVENTRICULAR CONNECTION",Single Ventricle Defect,,,,
SINGLE VENTRICLE,Single Ventricle Defect,,,,
SINGLE VENTRICLE + TOTALLY ANOMALOUS PULMONARY VENOUS CONNECTION (TAPVC),Single Ventricle Defect,,,,
SINGLE VENTRICLE COMPRISED OF MOSTLY LEFT VENTRICLE,Single Ventricle Defect,,,,
SINGLE VENTRICLE COMPRISED OF MOSTLY RIGHT VENTRICLE,Single Ventricle Defect,,,,
SINGLE VENTRICLE IN HETEROTAXY SYNDROME,L/R Asymmetry,,,,
SINGLE VENTRICLE OF INDETERMINATE MORPHOLOGY,Single Ventricle Defect,,,,
SINGLE VENTRICLE WITH UNBALANCED ATRIOVENTRICULAR CANAL DEFECT,Single Ventricle Defect,,,,
"SINGLE VENTRICLE, LEFT; DOUBLE INLET LEFT VENTRICLE",Single Ventricle Defect,,,,
"SINGLE VENTRICLE, RIGHT",Single Ventricle Defect,,,,
"SINGLE VENTRICLE, RIGHT, DOUBLE INLET RIGHT VENTRICLE",Single Ventricle Defect,,,,
HOLMES HEART,Single Ventricle Defect,,,,
ADD,Situs (Van Praag/Anderson),,,,
ADS,Situs (Van Praag/Anderson),,,,
ALD,Situs (Van Praag/Anderson),,,,
ALL,Situs (Van Praag/Anderson),,,,
AXD,Situs (Van Praag/Anderson),,,,
SDA,Situs (Van Praag/Anderson),,,,
SDD,Situs (Van Praag/Anderson),,,,
SDL,Situs (Van Praag/Anderson),,,,
SDS,Situs (Van Praag/Anderson),,,,
SITUS AMBIGUOUS,Situs (Van Praag/Anderson),,,,
SITUS INVERSUS TOTALIS,Situs (Van Praag/Anderson),,,,
SITUS SOLITUS,Situs (Van Praag/Anderson),,,,
SLD,Situs (Van Praag/Anderson),,,,
SLI,Situs (Van Praag/Anderson),,,,
SLL,Situs (Van Praag/Anderson),,,,
IDD,Situs (Van Praag/Anderson),,,,
IDS,Situs (Van Praag/Anderson),,,,
ILD,Situs (Van Praag/Anderson),,,,
ILI,Situs (Van Praag/Anderson),,,,
ILL,Situs (Van Praag/Anderson),,,,
CONCORDANT VENTRICULOARTERIAL CONNECTION,Situs (Van Praag/Anderson),,,,
D-LOOPED VENTRICLES,Situs (Van Praag/Anderson),,,,
VENTRICULAR INVERSION (L-LOOP VENTRICLES),Situs (Van Praag/Anderson),,,,
IXD,Situs (Van Praag/Anderson),,,,
SXD,Situs (Van Praag/Anderson),,,,
SXL,Situs (Van Praag/Anderson),,,,
"MITRAL STENOSIS, TYPICAL OF VAN PRAAGH",Situs (Van Praag/Anderson),,,,
ABDOMINAL HETEROTAXY (SITUS AMBIGUOUS),L/R Asymmetry,,,,
ABDOMINAL SITUS INVERSUS,L/R Asymmetry,,,,
ABDOMINAL SITUS SOLITIS,L/R Asymmetry,,,,
ASPLENIA SYNDROME (RIGHT ISOMERISM),L/R Asymmetry,,,,
ANATOMIC OR FUNCTIONAL ASPLENIA,L/R Asymmetry,,,,
ANATOMIC OR FUNCTIONAL POLYSPLENIA,L/R Asymmetry,,,,
ATRIAL INVERSION (SITUS INVERSUS OF THE ATRIA),L/R Asymmetry,,,,
DEXTROCARDIA,L/R Asymmetry,,,,
HETEROTAXY,L/R Asymmetry,,,,
LEVOCARDIA WITH ABDOMINAL HETEROTAXY,L/R Asymmetry,,,,
POLYSPLENIA SYNDROME (LEFT ISOMERISM),L/R Asymmetry,,,,
ATRIOVENTRICULAR CANAL WITH ISOLATED VENTRICULAR COMPONENT (NO PRIMUM ASD),AV Canal,,,,
ATRIOVENTRICULAR CANAL WITH SINGLE LV PAPILLARY MUSCLE,AV Canal,,,,
ATYPICAL COMPLETE COMMON AV CANAL,AV Canal,,,,
BALANCED COMPLETE ATRIOVENTRICULAR CANAL,AV Canal,,,,
BALANCED TRANSITIONAL ATRIOVENTRICULAR CANAL,AV Canal,,,,
COMMON ATRIOVENTRICULAR VALVE ABNORMALITY,AV Canal,,,,
COMMON AV VALVE,AV Canal,,,,
"COMPLETE COMMON ATRIOVENTRICULAR CANAL, RASTELLI TYPE A",AV Canal,,,,
"COMPLETE COMMON ATRIOVENTRICULAR CANAL, RASTELLI TYPE C",AV Canal,,,,
COMPLETE COMMON AV CANAL,AV Canal,,,,
"UNBALANCED COMPLETE ATRIOVENTRICULAR CANAL, LEFT DOMINANT",AV Canal,,,,
"UNBALANCED COMPLETE ATRIOVENTRICULAR CANAL, RIGHT DOMINANT",AV Canal,,,,
UNBALANCED COMPLETE COMMON ATRIOVENTRICULAR CANAL,AV Canal,,,,
"UNBALANCED TRANSITIONAL ATRIOVENTRICULAR CANAL, LEFT DOMINANT",AV Canal,,,,
"UNBALANCED TRANSITIONAL ATRIOVENTRICULAR CANAL, RIGHT DOMINANT",AV Canal,,,,
R-DOMINANT AVCD W/SYSTEMIC OUTFLOW TRACT OBSTRUCTION,AV Canal,,,,
TRANSITIONAL COMMON AV CANAL,AV Canal,,,,
STRADDLING LEFT SIDED ATRIOVENTRICULAR VALVE,AV Canal,,,,
STRADDLING MITRAL VALVE,AV Canal,,,,
STRADDLING RIGHT SIDED ATRIOVENTRICULAR VALVE,AV Canal,,,,
STRADDLING TRICUSPID VALVE,AV Canal,,,,
DOUBLE OUTLET RIGHT ATRIUM,AV Canal,,,,
ABNORMAL TRICUSPID VALVE ATTACHMENTS,AV valvular,,,,
CLEFT MITRAL VALVE,AV valvular,,,,
CLEFT MITRAL VALVE WITH REGURGITATION,AV valvular,,,,
CLEFT TRICUSPID VALVE WITH REGURGITATION,AV valvular,,,,
EBSTEIN MALFORMATION OF THE LEFT ATRIOVENTRICULAR VALVE,AV valvular,,,,
EBSTEIN MALFORMATION OF THE RIGHT ATRIOVENTRICULAR VALVE,AV valvular,,,,
EBSTEINS DISEASE,AV valvular,,,,
ATYPICAL CLEFT OF MITRAL VALVE,AV valvular,,,,
CONGENITAL MITRAL VALVE ABNORMALITY,AV valvular,,,,
CONGENITAL TRICUSPID VALVE ABNORMALITY,AV valvular,,,,
DYSPLASTIC MITRAL VALVE,AV valvular,,,,
DYSPLASTIC TRICUSPID VALVE,AV valvular,,,,
HYPOPLASTIC TRICUSPID VALVE,AV valvular,,,,
MITRAL ATRESIA,AV valvular,,,,
PARACHUTE MITRAL VALVE,AV valvular,,,,
MITRAL STENOSIS,AV valvular,,,,
"MITRAL STENOSIS, PARACHUTE MITRAL VALVE",AV valvular,,,,
"MITRAL STENOSIS, VALVAR",AV valvular,,,,
MITRAL VALVE ABNORMALITY,AV valvular,,,,
MITRAL VALVE PROLAPSE,AV valvular,,,,
MS,AV valvular,,,,
MITRAL ATRESIA AND AORTIC ATRESIA,AV valvular,,,,
TRICUSPID ATRESIA,AV valvular,,,,
TRICUSPID ATRESIA + D-LOOP TGA + PULMONARY ATRESIA (IIA),AV valvular,,,,
TRICUSPID ATRESIA + D-TGA + PS (IIB),AV valvular,,,,
TRICUSPID ATRESIA + NO PULMONARY STENOSIS AND LARGE VSD (IC),AV valvular,,,,
TRICUSPID ATRESIA + PS OR SMALL VSD (IB),AV valvular,,,,
TRICUSPID ATRESIA + PULMONARY ATRESIA (IA),AV valvular,,,,
TRICUSPID ATRESIA WITH D-LOOP TGA AND NO PULMONARY STENOSIS (TYPE IIC),AV valvular,,,,
TRICUSPID ATRESIA WITH L-LOOP TGA(NO AS OR PS) TYPE IIIC,AV valvular,,,,
TRICUSPID REGURGITATION,AV valvular,,,,
TRICUSPID REGURGITATION NEONATAL,AV valvular,,,,
TRICUSPID STENOSIS,AV valvular,,,,
TRICUSPID VALVE ABNORMALITY,AV valvular,,,,
TRICUSPID VALVE PROLAPSE,AV valvular,,,,
RIGHT SIDED ATRIOVENTRICULAR VALVE ATRESIA,AV valvular,,,,
RIGHT SIDED AV VALVE REGURGITATION,AV valvular,,,,
DOUBLE ORIFICE MITRAL VALVE,AV valvular,,,,
MITRAL REGURGITATION,AV valvular,,,,
LEFT SIDED AV VALVE REGURGITATION,AV valvular,,,,
LEFT SIDED AV VALVE STENOSIS,AV valvular,,,,
"LV OUTFLOW TRACT OBSTRUCTION, ABNORMAL AV VALVE ATTACHMENT",AV valvular,,,,
"LV OUTFLOW TRACT OBSTRUCTION, ACCESSORY AV VALVE TISSUE",AV valvular,,,,
CRISS-CROSS AV VALVES,AV valvular,,,,
DILATED MITRAL VALVE ANNULUS,AV valvular,,,,
DILATED TRICUSPID VALVE ANNULUS,AV valvular,,,,
HYPOPLASTIC MITRAL VALVE,AV valvular,,,,
LEFT SIDED ATRIOVENTRICULAR VALVE ATRESIA,AV valvular,,,,
MITRAL STENOSIS ARCADE,AV valvular,,,,
"MITRAL STENOSIS, SUBVALVAR",AV valvular,,,,
OVERRIDING MITRAL VALVE,AV valvular,,,,
OVERRIDING TRICUSPID VALVE,AV valvular,,,,
SUPRAVALVAR MITRAL STENOSIS,AV valvular,,,,
ABNORMAL AORTIC VALVE CUSP,Semilunar valvular,,,,
BAV,Semilunar valvular,,,,
AORTIC STENOSIS - VALVAR,Semilunar valvular,,,,
AORTIC STENOSIS AND REGURGITATION,Semilunar valvular,,,,
AORTIC VALVE ABNORMALITY,Semilunar valvular,,,,
AORTIC ATRESIA,Semilunar valvular,,,,
AORTIC ATRESIA W/ VENTRICULAR SEPTAL DEFECT,Semilunar valvular,,,,
AORTIC REGURGITATION,Semilunar valvular,,,,
AORTIC STENOSIS,Semilunar valvular,,,,
BICUSPID PULMONARY VALVE,Semilunar valvular,,,,
"BICOMMISSURAL (BICUSPID, BILEAFLET, BIFOLIATE) AORTIC VALVE",Semilunar valvular,,,,
"BICOMMISSURAL (BICUSPID, BILEAFLET) AORTIC VALVE, LEFT-NON FUSION",Semilunar valvular,,,,
"BICOMMISSURAL (BICUSPID, BILEAFLET) AORTIC VALVE, RIGHT-LEFT FUSION",Semilunar valvular,,,,
"BICOMMISSURAL (BICUSPID, BILEAFLET) AORTIC VALVE, RIGHT-NON FUSION",Semilunar valvular,,,,
CONGENITAL AORTIC VALVE ABNORMALITY,Semilunar valvular,,,,
CONGENITAL PULMONARY VALVE ABNORMALITY,Semilunar valvular,,,,
DEFICIENT AORTIC VALVE CUSP(S),Semilunar valvular,,,,
DYSPLASTIC AORTIC VALVE CUSP(S),Semilunar valvular,,,,
DYSPLASTIC PULMONARY VALVE,Semilunar valvular,,,,
DYSPLASTIC PULMONARY VALVE CUSPS,Semilunar valvular,,,,
"UNICOMMISSURAL (UNICUSPID, UNILEAFLET, UNIFOLIATE) AORTIC VALVE",Semilunar valvular,,,,
PULMONARY ARTERY STENOSIS,Semilunar valvular,,,,
PULMONARY ATRESIA CONGENITAL,Semilunar valvular,,,,
"PULMONARY ATRESIA, INTACT VENTRICULAR SEPTUM",Semilunar valvular,,,,
"PULMONARY ATRESIA,SUBVALVAR",Semilunar valvular,,,,
"PULMONARY ATRESIA,VALVAR",Semilunar valvular,,,,
PULMONARY REGURGITATION,Semilunar valvular,,,,
PULMONARY STENOSIS,Semilunar valvular,,,,
"PULMONARY STENOSIS, BILATERAL BRANCH PULMONARY ARTERY",Semilunar valvular,,,,
"PULMONARY STENOSIS, BRANCH PULMONARY ARTERY",Semilunar valvular,,,,
"PULMONARY STENOSIS, LEFT",Semilunar valvular,,,,
"PULMONARY STENOSIS, RIGHT",Semilunar valvular,,,,
"PULMONARY STENOSIS, SUBVALVAR",Semilunar valvular,,,,
"PULMONARY STENOSIS, SUPRAVALVAR",Semilunar valvular,,,,
"PULMONARY STENOSIS, VALVAR",Semilunar valvular,,,,
PULMONARY VALVE ABNORMALITY,Semilunar valvular,,,,
QUADRICUSPID AORTIC VALVE,Semilunar valvular,,,,
MITRAL ATRESIA AND AORTIC ATRESIA,Semilunar valvular,,,,
TRUNCAL VALVE REGURGITATION,Semilunar valvular,,,,
TRUNCAL VALVE STENOSIS,Semilunar valvular,,,,
THICKENED AORTIC VALVE CUSP(S),Semilunar valvular,,,,
HYPOPLASTIC AORTIC ANNULUS,Semilunar valvular,,,,
HYPOPLASTIC AORTIC VALVE,Semilunar valvular,,,,
CRITICAL AORTIC STENOSIS,Semilunar valvular,,,,
HYPOPLASTIC PULMONARY ANNULUS,Semilunar valvular,,,,
OVERRIDING AORTIC VALVE,Semilunar valvular,,,,
OVERRIDING PULMONARY VALVE,Semilunar valvular,,,,
PROLAPSED AORTIC VALVE,Semilunar valvular,,,,
"TRICOMMISSURAL (TRICUSPID, TRILEAFLET, TRIFOLIATE) AORTIC VALVE",Semilunar valvular,,,,
ATRIAL SEPTAL DEFECT,Septation,,,,
"ATRIAL SEPTAL DEFECT, ATYPICAL",Septation,,,,
"ATRIAL SEPTAL DEFECT, SECUNDUM",Septation,,,,
ATRIAL SEPTAL ABNORMALITY,Septation,,,,
VENTRICULAR SEPTAL DEFECT,Septation,,,,
VENTRICULAR SEPTAL DEFECT RESTRICTIVE,Septation,,,,
VENTRICULAR SEPTAL DEFECT WITH INTERRUPTED AORTIC ARCH,Septation,,,,
"VENTRICULAR SEPTAL DEFECT, ECD TYPE",Septation,,,,
"VENTRICULAR SEPTAL DEFECT, MALALIGNMENT",Septation,,,,
"VENTRICULAR SEPTAL DEFECT, MALALIGNMENT RESTRICTIVE",Septation,,,,
"VENTRICULAR SEPTAL DEFECT, MEMBRANOUS",Septation,,,,
"VENTRICULAR SEPTAL DEFECT, MULTIPLE",Septation,,,,
"VENTRICULAR SEPTAL DEFECT, MUSCULAR",Septation,,,,
"VENTRICULAR SEPTAL DEFECT, MUSCULAR OUTLET",Septation,,,,
"VENTRICULAR SEPTAL DEFECT, MUSCULAR POSTERIOR (INLET)",Septation,,,,
"VENTRICULAR SEPTAL DEFECT, MUSCULAR, CONFLUENT",Septation,,,,
"VENTRICULAR SEPTAL DEFECT, MUSCULAR, TRABECULAR",Septation,,,,
"VENTRICULAR SEPTAL DEFECT, MUSCULAR, TRABECULAR, ANTERIOR",Septation,,,,
"VENTRICULAR SEPTAL DEFECT, MUSCULAR, TRABECULAR, APICAL",Septation,,,,
"VENTRICULAR SEPTAL DEFECT, MUSCULAR, TRABECULAR, MIDVENTRICULAR",Septation,,,,
"VENTRICULAR SEPTAL DEFECT, SINGLE",Septation,,,,
"VENTRICULAR SEPTAL DEFECT, SUBPULMONARY OR CONAL",Septation,,,,
VENTRICULAR SEPTAL STRUCTURAL ABNORMALITY,Septation,,,,
VSD,Septation,,,,
"VSD, COA",Septation,,,,
OSTIUM PRIMUM ATRIAL SEPTAL DEFECT,Septation,,,,
"OSTIUM PRIMUM ATRIAL SEPTAL DEFECT, BALANCED",Septation,,,,
"OSTIUM PRIMUM ATRIAL SEPTAL DEFECT, UNBALANCED",Septation,,,,
"OSTIUM PRIMUM ATRIAL SEPTAL DEFECT, UNBALANCED, RIGHT DOMINANT",Septation,,,,
"SECUNDUM ATRIAL SEPTAL DEFECT, RESTRICTIVE",Septation,,,,
COMMON ATRIUM,Septation,,,,
ENDOCARDIAL CUSHION DEFECT,Septation,,,,
SINUS VENOSUS SEPTAL DEFECT,Septation,,,,
"SINUS VENOSUS SEPTAL DEFECT, INFERIOR TYPE",Septation,,,,
"SINUS VENOSUS SEPTAL DEFECT, SUPERIOR TYPE",Septation,,,,
MULTIPLE ATRIAL SEPTAL DEFECTS,Septation,,,,
PATENT FORAMEN OVALE,Septation,,,,
ANEURYSM OF MEMBRANOUS SEPTUM,Septation,,,,
ANEURYSM OF SEPTUM PRIMUM,Septation,,,,
"ANEURYSM, VENTRICULAR SEPTUM",Septation,,,,
"AORTIC STENOSIS, SUBVALVAR, MUSCULAR",Septation,,,,
"LV OUTFLOW TRACT OBSTRUCTION, SEPTAL HYPERTOPHY",Septation,,,,
MALPOSITIONED ATRIAL SEPTUM (WITH OR WITHOUT PAPVC),Septation,,,,
PREMATURE CLOSURE OF PATENT FORAMEN OVALE,Septation,,,,
RESTRICTIVE BULBOVENTRICULAR FORAMEN,Septation,,,,
RESTRICTIVE PATENT FORAMEN OVALE,Septation,,,,
SINO-SEPTAL DEFECT,Septation,,,,
SUBAORTIC CONUS,Septation,,,,
SUBPULMONARY CONUS,Septation,,,,
"SUBVALVAR AORTIC STENOSIS, DEVIATION OF CONAL SEPTUM",Septation,,,,
"AORTIC VALVE POSITION RELATIVE TO THE PULMONARY VALVE, ANTERIOR",Conotruncal (septation and spiraling),,,,
"AORTIC VALVE POSITION RELATIVE TO THE PULMONARY VALVE, LEFT",Conotruncal (septation and spiraling),,,,
"AORTIC VALVE POSITION RELATIVE TO THE PULMONARY VALVE, LEFT AND ANTERIOR",Conotruncal (septation and spiraling),,,,
"AORTIC VALVE POSITION RELATIVE TO THE PULMONARY VALVE, LEFT AND POSTERIOR",Conotruncal (septation and spiraling),,,,
"AORTIC VALVE POSITION RELATIVE TO THE PULMONARY VALVE, POSTERIOR",Conotruncal (septation and spiraling),,,,
"AORTIC VALVE POSITION RELATIVE TO THE PULMONARY VALVE, RIGHT",Conotruncal (septation and spiraling),,,,
"AORTIC VALVE POSITION RELATIVE TO THE PULMONARY VALVE, RIGHT AND ANTERIOR",Conotruncal (septation and spiraling),,,,
"AORTIC VALVE POSITION RELATIVE TO THE PULMONARY VALVE, RIGHT AND POSTERIOR",Conotruncal (septation and spiraling),,,,
AORTICO-PULMONARY WINDOW,Conotruncal (septation and spiraling),,,,
"AORTICO-PULMONARY WINDOW, DISTAL DEFECT",Conotruncal (septation and spiraling),,,,
"AORTICO-PULMONARY WINDOW, PROXIMAL DEFECT",Conotruncal (septation and spiraling),,,,
ANATOMICALLY CORRECTED MALPOSITION OF THE GREAT ARTERIES,Conotruncal (septation and spiraling),,,,
TRUNCUS ARTERIOSUS,Conotruncal (septation and spiraling),,,,
TRUNCUS ARTERIOSUS ATYPICAL,Conotruncal (septation and spiraling),,,,
TRUNCUS ARTERIOSUS TYPE 4 (INTERRUPTED AORTIC ARCH),Conotruncal (septation and spiraling),,,,
"TRUNCUS ARTERIOSUS TYPE 4A (INTERRUPTED AORTIC ARCH, VSD)",Conotruncal (septation and spiraling),,,,
TRUNCUS ARTERIOSUS TYPE I (MAIN PULMONARY ARTERY PRESENT),Conotruncal (septation and spiraling),,,,
"TRUNCUS ARTERIOSUS TYPE IA (MAIN PULMONARY ARTERY PRESENT, VSD)",Conotruncal (septation and spiraling),,,,
"TRUNCUS ARTERIOSUS TYPE IB (MAIN PULMONARY ARTERY PRESENT, NO VSD)",Conotruncal (septation and spiraling),,,,
TRUNCUS ARTERIOSUS TYPE II (MAIN PULMONARY ARTERY ABSENT),Conotruncal (septation and spiraling),,,,
"TRUNCUS ARTERIOSUS TYPE IIA (MAIN PULMONARY ARTERY ABSENT, VSD)",Conotruncal (septation and spiraling),,,,
TRUNCUS ARTERIOSUS TYPE III (SEPARATE PA ORIGINS),Conotruncal (septation and spiraling),,,,
"TRUNCUS ARTERIOSUS TYPE IIIA (SEPARATE PA ORIGINS, VSD)",Conotruncal (septation and spiraling),,,,
ANTERIOR DEVIATION INFUNDIBULAR SEPTUM,Conotruncal (septation and spiraling),,,,
DISCORDANT VENTRICULOARTERIAL CONNECTION,Conotruncal (septation and spiraling),,,,
,Conotruncal (septation and spiraling),,,,
D-LOOP CORRECTED TRANSPOSITION {ID?},Conotruncal (septation and spiraling),,,,
D-LOOP CORRECTED TRANSPOSITION {ID?} WITH VENTRICULAR SEPTAL DEFECT,Conotruncal (septation and spiraling),,,,
D-LOOP TGA,Conotruncal (septation and spiraling),,,,
DYSPLASTIC (ABSENT) PULMONARY VALVE SYNDROME (TOF WITH APVS),Conotruncal (septation and spiraling),,,,
USUAL CORONARY ARTERIES IN D-LOOP TGA,Conotruncal (septation and spiraling),,,,
L-LOOP CORRECTED TGA {SL?} WITH VENTRICULAR SEPTAL DEFECT AND PULMONARY STENOSIS,Conotruncal (septation and spiraling),,,,
L-LOOP CORRECTED TRANSPOSITION {SL?},Conotruncal (septation and spiraling),,,,
L-LOOP CORRECTED TRANSPOSITION {SL?} WITH INTACT VENTRICULAR SEPTUM,Conotruncal (septation and spiraling),,,,
L-LOOP CORRECTED TRANSPOSITION {SL?} WITH PULMONARY STENOSIS,Conotruncal (septation and spiraling),,,,
L-LOOP CORRECTED TRANSPOSITION {SL?} WITH VENTRICULAR SEPTAL DEFECT,Conotruncal (septation and spiraling),,,,
L-LOOP TRANSPOSITION OF THE GREAT ARTERIES WITH VENTRICULAR SEPTAL DEFECT,Conotruncal (septation and spiraling),,,,
L-LOOP TRANSPOSITION OF THE GREAT VESSELS,Conotruncal (septation and spiraling),,,,
L-LOOP TRANSPOSITION WITH INTACT VENTRICULAR SEPTUM,Conotruncal (septation and spiraling),,,,
MALALIGNED INFUNDIBULAR SEPTUM,Conotruncal (septation and spiraling),,,,
POSTERIOR DEVIATION INFUNDIBULAR SEPTUM,Conotruncal (septation and spiraling),,,,
TRANSPOSITION D-LOOP,Conotruncal (septation and spiraling),,,,
TRANSPOSITION D-LOOP WITH INTACT VENTRICULAR SEPTUM,Conotruncal (septation and spiraling),,,,
TRANSPOSITION D-LOOP WITH IVS AND LV OUTFLOW TRACT OBSTRUCTION,Conotruncal (septation and spiraling),,,,
TRANSPOSITION D-LOOP WITH VENTRICULAR SEPTAL DEFECT,Conotruncal (septation and spiraling),,,,
TRANSPOSITION D-LOOP WITH VSD AND LV OUTFLOW TRACT OBSTRUCTION,Conotruncal (septation and spiraling),,,,
TETRALOGY OF FALLOT,Conotruncal (septation and spiraling),,,,
TETRALOGY OF FALLOT WITH PULMONARY ATRESIA,Conotruncal (septation and spiraling),,,,
TETRALOGY OF FALLOT WITH PULMONARY ATRESIA AND MAPCAS,Conotruncal (septation and spiraling),,,,
SINGLE OUTLET VENTRICULOARTERIAL CONNECTION,Conotruncal (septation and spiraling),,,,
"BIVENTRICULAR, DISCORDANT ATRIOVENTRICULAR CONNECTION",Conotruncal (septation and spiraling),,,,
DORV + AVSD (AV CANAL),Conotruncal (septation and spiraling),,,,
DORV WITH INTACT VENTRICULAR SEPTUM,Conotruncal (septation and spiraling),,,,
"DORV, DOUBLY COMMITTED VSD",Conotruncal (septation and spiraling),,,,
"DORV, TAUSSIG BING",Conotruncal (septation and spiraling),,,,
"DORV, VENTRICULAR DEFECT COMMITTED TO AORTA",Conotruncal (septation and spiraling),,,,
"DORV, VENTRICULAR DEFECT COMMITTED TO PULMONARY ARTERY",Conotruncal (septation and spiraling),,,,
"DORV, VENTRICULAR DEFECT UNCOMMITTED",Conotruncal (septation and spiraling),,,,
DOUBLE OUTLET RIGHT VENTRICLE,Conotruncal (septation and spiraling),,,,
DOUBLE OUTLET RIGHT VENTRICLE W/VENTRICULAR SEPTAL DEFECT,Conotruncal (septation and spiraling),,,,
DOUBLE OUTLET VENTRICULOARTERIAL CONNECTION,Conotruncal (septation and spiraling),,,,
ABSENT MAIN PULMONARY ARTERY,Conotruncal (septation and spiraling),,,,
CROSSED PULMONARY ARTERIES,Conotruncal (septation and spiraling),,,,
DOUBLE OUTLET LEFT VENTRICLE,Conotruncal (septation and spiraling),,,,
"DOUBLE OUTLET LEFT VENTRICLE, SUBAORTIC VENTRICULAR SEPTAL DEFECT",Conotruncal (septation and spiraling),,,,
"DOUBLE OUTLET LEFT VENTRICLE, SUBPULMONARY VENTRICULAR SEPTAL DEFECT",Conotruncal (septation and spiraling),,,,
"HEMITRUNCUS, RT (RIGHT PULMONARY ARTERY FROM AORTA)",Conotruncal (septation and spiraling),,,,
"PULMONARY ARTERY SLING, ORIGIN OF THE LPA FROM THE RPA",Conotruncal (septation and spiraling),,,,
ACVD W/SYSTEMIC OUTFLOW TRACT OBSTRUCTION,Conotruncal (septation and spiraling),,,,
BILATERAL SUBARTERIAL CONUS,Conotruncal (septation and spiraling),,,,
BILATERALLY ABSENT SUBARTERIAL CONUS,Conotruncal (septation and spiraling),,,,
HYPOPLASTIC INFUNDIBULAR SEPTUM,Conotruncal (septation and spiraling),,,,
HYPOPLASTIC LEFT PULMONARY ARTERY,Conotruncal (septation and spiraling),,,,
HYPOPLASTIC MAIN PULMONARY ARTERY,Conotruncal (septation and spiraling),,,,
HYPOPLASTIC RIGHT PULMONARY ARTERY,Conotruncal (septation and spiraling),,,,
LEFT AORTIC ARCH,Conotruncal (septation and spiraling),,,,
LEFT AORTIC ARCH WITH NORMAL BRANCHING PATTERN,Conotruncal (septation and spiraling),,,,
LEFT PULMONARY ARTERY ABNORMALITY,Conotruncal (septation and spiraling),,,,
"LEFT PULMONARY ARTERY STENOSIS, CENTRAL",Conotruncal (septation and spiraling),,,,
LEFT VENTRICULAR OUTFLOW TRACT OBSTRUCTION,Conotruncal (septation and spiraling),,,,
RIGHT AORTIC ARCH,Conotruncal (septation and spiraling),,,,
RIGHT AORTIC ARCH LEFT LIGAMENT,Conotruncal (septation and spiraling),,,,
RIGHT AORTIC ARCH WITH NORMAL BRANCHING PATTERN,Conotruncal (septation and spiraling),,,,
RIGHT AORTIC ARCH WITH UNKNOWN BRANCHING PATTERN,Conotruncal (septation and spiraling),,,,
RIGHT VENTRICULAR ORIGIN OF AORTIC ROOT WITHOUT SUBAORTIC CONUS,Conotruncal (septation and spiraling),,,,
RIGHT VENTRICULAR ORIGIN OF SUBAORTIC CONUS,Conotruncal (septation and spiraling),,,,
RIGHT VENTRICULAR OUTFLOW OBSTRUCTION,Conotruncal (septation and spiraling),,,,
RIGHT VENTRICULAR OUTFLOW OBSTRUCTION DUE TO ABNORMAL MUSCLE BAND(S),Conotruncal (septation and spiraling),,,,
RIGHT VENTRICULAR OUTFLOW OBSTRUCTION DUE TO SEPTAL HYPERTROPHY,Conotruncal (septation and spiraling),,,,
SYSTEMIC RIGHT VENTRICLE,Conotruncal (septation and spiraling),,,,
SYSTEMIC RIGHT VENTRICLE W/ SYSTEMIC OUTFLOW TRACT OBSTRUCTION,Conotruncal (septation and spiraling),,,,
ABNORMAL CORONARY SINUS,Venous vascular anomaly,,,,
ABNORMAL SYSTEMIC VEIN TO LEFT ATRIUM,Venous vascular anomaly,,,,
ABSENCE OF THE SUPRARENAL INFERIOR VENA CAVA WITH AZYGOUS CONTINUATION,Venous vascular anomaly,,,,
ANOMALOUS HEPATIC VENOUS DRAINAGE OR CONNECTION,Venous vascular anomaly,,,,
CORONARY SINUS ABSENT,Venous vascular anomaly,,,,
CORONARY SINUS OSTIAL ATRESIA,Venous vascular anomaly,,,,
INFERIOR VENA CAVA ANOMALY,Venous vascular anomaly,,,,
INFERIOR VENA CAVA LEFT SIDED,Venous vascular anomaly,,,,
INTERRUPTED IVC,Venous vascular anomaly,,,,
UNOBSTRUCTED TOTALLY ANOMALOUS PULMONARY VENOUS CONNECTION,Venous vascular anomaly,,,,
VENO-VENOUS COLLATERAL,Venous vascular anomaly,,,,
PARTIALLY ANOMALOUS PULMONARY VEINS,Venous vascular anomaly,,,,
PULMONARY VEIN ANOMALY,Venous vascular anomaly,,,,
PULMONARY VEIN ATRESIA,Venous vascular anomaly,,,,
PULMONARY VEIN STENOSIS,Venous vascular anomaly,,,,
PULMONARY VENOUS DISEASE,Venous vascular anomaly,,,,
PULMONARY VENOUS OBSTRUCTION,Venous vascular anomaly,,,,
TOTALLY ANOMALOUS PULMONARY VENOUS RETURN,Venous vascular anomaly,,,,
"TOTALLY ANOMALOUS PULMONARY VENOUS RETURN, CORONARY SINUS",Venous vascular anomaly,,,,
"TOTALLY ANOMALOUS PULMONARY VENOUS RETURN, INFRADIAPHRAGMATIC",Venous vascular anomaly,,,,
"TOTALLY ANOMALOUS PULMONARY VENOUS RETURN, MIXED",Venous vascular anomaly,,,,
"TOTALLY ANOMALOUS PULMONARY VENOUS RETURN, RIGHT ATRIUM",Venous vascular anomaly,,,,
"TOTALLY ANOMALOUS PULMONARY VENOUS RETURN, SUPRACARDIAC",Venous vascular anomaly,,,,
SYSTEMIC VENOUS ANOMALY,Venous vascular anomaly,,,,
SYSTEMIC VENOUS TO PULMONARY VENOUS COLLATERAL,Venous vascular anomaly,,,,
SUPERIOR VENA CAVA ANOMALY,Venous vascular anomaly,,,,
SCIMITAR SYNDROME,Venous vascular anomaly,,,,
RIGHT SUPERIOR VENA CAVA ABSENT,Venous vascular anomaly,,,,
RIGHT SUPERIOR VENA CAVA TO CORONARY SINUS,Venous vascular anomaly,,,,
RIGHT SUPERIOR VENA CAVA TO LEFT ATRIUM,Venous vascular anomaly,,,,
RIGHT SUPERIOR VENA CAVA TO RIGHT ATRIUM,Venous vascular anomaly,,,,
LSVC - COMMUNICATES WITH RSVC,Venous vascular anomaly,,,,
LSVC - NON COMMUNICATING WITH RSVC,Venous vascular anomaly,,,,
LSVC TO CORONARY SINUS,Venous vascular anomaly,,,,
DILATED INFERIOR VENA CAVA,Venous vascular anomaly,,,,
LEFT INFERIOR VENA CAVA TO RIGHT ATRIUM,Venous vascular anomaly,,,,
LEFT SIDED AZYGOS,Venous vascular anomaly,,,,
LEFT SUPERIOR VENA CAVA ENTERING LEFT ATRIUM,Venous vascular anomaly,,,,
LEFT SUPERIOR VENA CAVA TO RIGHT ATRIUM,Venous vascular anomaly,,,,
LEVOATRIALCARDINAL VEIN,Venous vascular anomaly,,,,
OBSTRUCTED TOTALLY ANOMALOUS PULMONARY VENOUS CONNECTION,Venous vascular anomaly,,,,
RETRO-AORTIC INNOMINATE VEIN,Venous vascular anomaly,,,,
RIGHT INFERIOR VENA CAVA ENTERS LEFT ATRIUM,Venous vascular anomaly,,,,
ABERRANT LEFT SUBCLAVIAN ARTERY,Arterial vascular anomaly,,,,
ABERRANT ORIGIN OF THE INNOMINATE ARTERY,Arterial vascular anomaly,,,,
ABERRANT RIGHT SUBCLAVIAN ARTERY,Arterial vascular anomaly,,,,
ABNORMAL BRANCHING LEFT AORTIC ARCH,Arterial vascular anomaly,,,,
ABNORMAL BRANCHING RIGHT AORTIC ARCH,Arterial vascular anomaly,,,,
ABNORMAL AORTIC ARCH,Arterial vascular anomaly,,,,
ABSENT LEFT PULMONARY ARTERY,Arterial vascular anomaly,,,,
AORTOPULMONARY COLLATERAL ARTERY,Arterial vascular anomaly,,,,
AORTIC ABNORMALITY,Arterial vascular anomaly,,,,
AORTIC ARCH ABNORMAL BRANCH,Arterial vascular anomaly,,,,
DOUBLE AORTIC ARCH,Arterial vascular anomaly,,,,
"DOUBLE AORTIC ARCH, LEFT ARCH DOMINANT",Arterial vascular anomaly,,,,
"DOUBLE AORTIC ARCH, LEFT ARCH DOMINANT, RIGHT ARCH PATENT",Arterial vascular anomaly,,,,
"DOUBLE AORTIC ARCH, RIGHT ARCH DOMINANT",Arterial vascular anomaly,,,,
"DOUBLE AORTIC ARCH, RIGHT ARCH DOMINANT, LEFT ARCH ATRETIC",Arterial vascular anomaly,,,,
"DOUBLE AORTIC ARCH, RIGHT ARCH DOMINANT, LEFT ARCH PATENT",Arterial vascular anomaly,,,,
COARCTACTION OF AORTA,Arterial vascular anomaly,,,,
COARCTATION,Arterial vascular anomaly,,,,
COARCTATION - ATYPICAL LOCATION,Arterial vascular anomaly,,,,
COARCTATION SIMPLE (ISOLATED),Arterial vascular anomaly,,,,
COLLATERAL VESSEL,Arterial vascular anomaly,,,,
INTERRUPTED AORTIC ARCH,Arterial vascular anomaly,,,,
INTERRUPTED AORTIC ARCH + AP WINDOW (AORTOPULMONARY WINDOW),Arterial vascular anomaly,,,,
INTERRUPTED AORTIC ARCH TYPE A,Arterial vascular anomaly,,,,
INTERRUPTED AORTIC ARCH TYPE B,Arterial vascular anomaly,,,,
INTERRUPTED AORTIC ARCH TYPE C,Arterial vascular anomaly,,,,
TUBULAR HYPOPLASIA OF AORTA,Arterial vascular anomaly,,,,
TUBULAR HYPOPLASIA OF AORTA + COARCTATION,Arterial vascular anomaly,,,,
VASCULAR RING,Arterial vascular anomaly,,,,
RIGHT-SIDED DESCENDING AORTA,Arterial vascular anomaly,,,,
LEFT AORTIC ARCH WITH UNKNOWN BRANCHING PATTERN,Arterial vascular anomaly,,,,
MAJOR AORTOPULMONARY COLLATERAL ARTERY,Arterial vascular anomaly,,,,
MULTIPLE AORTOPULMONARY COLLATERAL ARTERIES,Arterial vascular anomaly,,,,
MULTIPLE MAJOR AORTOPULMONARY COLLATERAL ARTERIES (MAPCAS),Arterial vascular anomaly,,,,
HYPOPLASIA ASCENDING AORTA,Arterial vascular anomaly,,,,
HYPOPLASTIC AORTIC ISTHMUS,Arterial vascular anomaly,,,,
HYPOPLASTIC DESCENDING AORTA,Arterial vascular anomaly,,,,
AORTIC ARCH HYPOPLASIA,Arterial vascular anomaly,,,,
ASCENDING AORTIC ABNORMALITY,Arterial vascular anomaly,,,,
DILATED AORTA,Arterial vascular anomaly,,,,
DILATED AORTIC ROOT,Arterial vascular anomaly,,,,
DILATED ASCENDING AORTA,Arterial vascular anomaly,,,,
"ANEURYSM, ASCENDING AORTA",Arterial vascular anomaly,,,,
AORTIC STENOSIS - SUPRAVALVAR,Arterial vascular anomaly,,,,
DISCONTINUITY OF PULMONARY ARTERIES,Arterial vascular anomaly,,,,
AORTIC - LEFT VENTRICULAR TUNNEL,Arterial vascular anomaly,,,,
DILATED LEFT PULMONARY ARTERY,Arterial vascular anomaly,,,,
DILATED RIGHT PULMONARY ARTERY,Arterial vascular anomaly,,,,
ISOLATION OF THE LEFT SUBCLAVIAN ARTERY,Arterial vascular anomaly,,,,
ISOLATION OF THE RIGHT SUBCLAVIAN ARTERY,Arterial vascular anomaly,,,,
LEFT-SIDED DESCENDING AORTA,Arterial vascular anomaly,,,,
LEFT-SIDED PATENT DUCTUS ARTERIOSUS,Arterial vascular anomaly,,,,
PATENT DUCTUS ARTERIOSUS,Arterial vascular anomaly,,,,
PATENT DUCTUS ARTERIOSUS ATYPICAL,Arterial vascular anomaly,,,,
PATENT DUCTUS ARTERIOSUS RESTRICTIVE,Arterial vascular anomaly,,,,
"PATENT DUCTUS ARTERIOSUS, RIGHT SIDED",Arterial vascular anomaly,,,,
PULMONARY ARTERIAL DISEASE,Arterial vascular anomaly,,,,
PULMONARY ARTERY ANOMALY,Arterial vascular anomaly,,,,
RIGHT PULMONARY ARTERY ABNORMALITY,Arterial vascular anomaly,,,,
"RIGHT PULMONARY ARTERY STENOSIS, CENTRAL",Arterial vascular anomaly,,,,
RUPTURED SINUS OF VALSALVA ANEURYSM INTO RIGHT ATRIUM,Arterial vascular anomaly,,,,
THIRD CERVICAL AORTIC ARCH,Arterial vascular anomaly,,,,
TRANSVERSE ARCH OBSTRUCTION,Arterial vascular anomaly,,,,
ANOMALOUS ORIGIN OF A CORONARY ARTERY FROM THE PULMONARY ARTERY,Coronary anomaly,,,,
ANOMALOUS ORIGIN OF LEFT CORONARY ARTERY FROM PULMONARY ARTERY,Coronary anomaly,,,,
ANOMALOUS ORIGIN OF RIGHT CORONARY ARTERY FROM PULMONARY ARTERY,Coronary anomaly,,,,
ATYPICAL CORONARY ARTERIES IN D-LOOP TGA,Coronary anomaly,,,,
CIRCUMFLEX FROM RIGHT IN D-LOOP TGA,Coronary anomaly,,,,
CONGENITAL CORONARY ANOMALY,Coronary anomaly,,,,
CONUS CORONARY ARTERY,Coronary anomaly,,,,
CONUS CORONARY SUPPLIES ANTERIOR DESCENDING,Coronary anomaly,,,,
"CORONARY ANOMALY, LEFT",Coronary anomaly,,,,
CORONARY ARTERIO-VENOUS FISTULA,Coronary anomaly,,,,
"CORONARY ARTERY ANOMALY, RIGHT",Coronary anomaly,,,,
"CORONARY BRANCHING, ANOMALOUS, LEFT",Coronary anomaly,,,,
"CORONARY BRANCHING, ANOMALOUS, RIGHT",Coronary anomaly,,,,
DUAL ANTERIOR DESCENDING CORONARY ARTERIES,Coronary anomaly,,,,
INTRAMURAL CORONARY ARTERY,Coronary anomaly,,,,
INTRAMURAL LEFT CORONARY ARTERY IN D-LOOP TGA,Coronary anomaly,,,,
INVERTED CORONARIES WITH ANTERIOR LAD IN D-LOOP TGA,Coronary anomaly,,,,
INVERTED CORONARIES WITH POSTERIOR LAD IN D-LOOP TGA,Coronary anomaly,,,,
LEFT CORONARY ARTERY ARISING FROM THE RIGHT SINUS OF VALSALVA,Coronary anomaly,,,,
SINGLE RIGHT CORONARY,Coronary anomaly,,,,
SINGLE RIGHT CORONARY IN D-LOOP TGA,Coronary anomaly,,,,
SINGLE LEFT CORONARY,Coronary anomaly,,,,
SINGLE LEFT CORONARY IN D-LOOP TGA,Coronary anomaly,,,,
DILATED (ECTATIC) CORONARY ARTERY,Coronary anomaly,,,,
LEFT-SIDED CORONARY SINUS,Coronary anomaly,,,,
RIGHT CORONARY ARTERY ARISING FROM THE LEFT SINUS OF VALSALVA,Coronary anomaly,,,,
RIGHT VENTRICULAR DEPENDENT CORONARY CIRCULATION,Coronary anomaly,,,,
RIGHT VENTRICULAR SINUSOIDS,Coronary anomaly,,,,
RV TO CORONARY FISTULAE IN PULMONARY ATRESIA WITH INTACT VENTRICULAR SEPTUM,Coronary anomaly,,,,
ATRIAL FIBRILLATION,Arrhythmia/conduction defects,,,,
WOLFF-PARKINSON-WHITE SYNDROME,Arrhythmia/conduction defects,,,,
COMPLETE HEART BLOCK,Arrhythmia/conduction defects,,,,
HIGH GRADE AV BLOCK,Arrhythmia/conduction defects,,,,
PREEXCITATION,Arrhythmia/conduction defects,,,,
SUPRAVENTRICULAR TACHYCARDIA (PAROXYSMAL ATRIAL TACHYCARDIA),Arrhythmia/conduction defects,,,,
SINUS NODE PROBLEM,Arrhythmia/conduction defects,,,,
INTRATRIAL REENTRY,Arrhythmia/conduction defects,,,,
ACYANOTIC CONGENITAL HEART DISEASE,Misc,,,,
AIRWAY MALFORMATION,Misc,,,,
VESICOURETERAL REFLUX,Misc,,,,
CYANOTIC CONGENITAL HEART DISEASE,Misc,,,,
BRONCHIAL SITUS INVERSUS,Misc,,,,
CONGENITAL HIP DYSPLASIA,Misc,,,,
DANDY-WALKER MALFORMATION,Misc,,,,
EXTRA DIGIT,Misc,,,,
IMPERFORATE ANUS,Misc,,,,
INTESTINAL MALROTATION,Misc,,,,
SYNDACTYLY,Misc,,,,
SINGLE KIDNEY,Misc,,,,
SCOLIOSIS OR KYPHOSIS,Misc,,,,
OMPHALOCELE,Misc,,,,
"ANEURYSM, LEFT VENTRICLE",Misc,,,,
"LV OUTFLOW TRACT OBSTRUCTION, ABNORMAL MUSCLE BAND",Misc,,,,
COR TRIATRIATUM,Misc,,,,
COR TRIATRIATUM DEXTRA,Misc,,,,
DOUBLE CHAMBERED RIGHT VENTRICLE,Misc,,,,
DYNAMIC SUBVALVAR AORTIC STENOSIS,Misc,,,,
ECTOPIA CORDIS,Misc,,,,
HEART DISEASE (UNLISTED),Misc,,,,
HTX,Misc,,,,
JUXTAPOSITION OF ATRIAL APPENDAGES RIGHT,Misc,,,,
JUXTAPOSITION OF THE ATRIAL APPENDAGES,Misc,,,,
JUXTAPOSITION OF THE ATRIAL APPENDAGES LEFT,Misc,,,,
LARGE EUSTACHIAN VALVE,Misc,,,,
LEFT BRONCHIAL ISOMERISM,Misc,,,,
LEFT VENTRICULAR-RIGHT ATRIAL SHUNT,Misc,,,,
LEFT VENTRICULAR-RIGHT ATRIAL SHUNT IN ATRIOVENTRICULAR CANAL,Misc,,,,
LEVOCARDIA,Misc,,,,
MESOCARDIA,Misc,,,,
NON-CARDIAC ABNORMALITY,Misc,,,,
"NON-CARDIAC CONGENITAL ANATOMIC ABNORMALITIES, ABSENT",Misc,,,,
NON-CARDIAC THORACIC ABNORMALITY,Misc,,,,
NORMAL HEPATIC VENOUS CONNECTION,Misc,,,,
RIGHT BRONCHIAL ISOMERISM,Misc,,,,
SUPERIOR-INFERIOR VENTRICLES UP-DOWN STAIRS VENTRICLES,Misc,,,,
HEPATIC HEMANGIOENDOTHELIOMA (USE FOR AV FISTULAE LIVER),Misc,,,,
AORTIC STENOSIS - SUBVALVAR,Semilunar valvular,,,,
AORTIC STENOSIS - SUBVALVAR,Conotruncal (septation and spiraling),,,,
"AORTIC STENOSIS, SUBVALVAR, ATYPICAL",Semilunar valvular,,,,
"AORTIC STENOSIS, SUBVALVAR, ATYPICAL",Conotruncal (septation and spiraling),,,,
"AORTIC STENOSIS, SUBVALVAR, DISCRETE, MEMBRANEOUS",Semilunar valvular,,,,
"AORTIC STENOSIS, SUBVALVAR, DISCRETE, MEMBRANEOUS",Conotruncal (septation and spiraling),,,,
AOTIC STENOSIS AND MITRAL STENOSIS ,AV valvular,,,,
AOTIC STENOSIS AND MITRAL STENOSIS,Semilunar valvular,,,,
HYPOPLASTIC MITRAL VALVE AND LEFT VENTRICLE,AV valvular,,,,
HYPOPLASTIC MITRAL VALVE AND LEFT VENTRICLE,Cardiomyopathy,,,,
MAIN PULMONARY ARTERY ABNORMALITY,Conotruncal (septation and spiraling),,,,
MAIN PULMONARY ARTERY ABNORMALITY,Arterial vascular anomaly,,,,
MAIN PULMONARY ARTERY OCCLUSION,Conotruncal (septation and spiraling),,,,
MAIN PULMONARY ARTERY OCCLUSION,Arterial vascular anomaly,,,,
MAIN PULMONARY ARTERY STENOSIS,Conotruncal (septation and spiraling),,,,
MAIN PULMONARY ARTERY STENOSIS,Arterial vascular anomaly,,,,
SUBAORTIC STENOSIS. TUNNEL TYPE,Conotruncal (septation and spiraling),,,,
SUBAORTIC STENOSIS. TUNNEL TYPE,Septation,,,,
SUBVALVULAR AORTIC STENOSIS,Conotruncal (septation and spiraling),,,,
SUBVALVULAR AORTIC STENOSIS,Septation,,,,